,Valor,Relacao
rainfall_05,1.0,Positiva
tsa_05,0.348648169548508,Positiva
nino34_05,0.27504944103542095,Negativa
nino3_05,0.2285325099480098,Negativa
nino12_05,0.22076783854954815,Negativa
nino4_05,0.17488689122706497,Negativa
